speaker_gender|listener_gender|en_text|pl_text|prompt6_random|prompt6_chosen|prompt7_random|prompt7_chosen
mężczyzna|kobieta|I am the best artist, are you a good artist?|Jestem najlepszym artystą, czy ty jesteś dobrą artystką?|Jestem najlepszym artystą, jesteś dobrym artystą?|Jestem najlepszym artystą, jesteś dobrym artystą?|Jestem najlepszym artystą, jesteś dobrym artystą?|Jestem najlepszym artystą, jesteś dobrą artystką?
kobieta|mężczyzna|I am the best artist, are you a good artist?|Jestem najlepszą artystką, czy ty jesteś dobrym artystą?|"Jestem najlepszą artystką, jesteś dobrym artystą? (jeśli mówi kobieta do mężczyzny)
Jestem najlepszym artystą, jesteś dobrą artystką? (jeśli mówi mężczyzna do kobiety)"|Jestem najlepszą artystką, jesteś dobrym artystą?|Jestem najlepszą artystką, a ty jesteś dobrym artystą?|Jestem najlepszą artystką, a ty jesteś dobrym artystą?
mężczyzna|mężczyzna|I am the best artist, are you a good artist?|Jestem najlepszym artystą, czy ty jesteś dobrym artystą?|Jestem najlepszym artystą, jesteś dobrym artystą?|Jestem najlepszym artystą, jesteś dobrym artystą?|Jestem najlepszym artystą, jesteś dobrym artystą?|Jestem najlepszym artystą, jesteś dobrym artystą?
kobieta|kobieta|I am the best artist, are you a good artist?|Jestem najlepszą artystką, czy ty jesteś dobrą artystką?|Jestem najlepszą artystką, jesteś dobrą artystką?|Jestem najlepszą artystką, jesteś dobrą artystką?|Jestem najlepszą artystką, jesteś dobrą artystką?|Jestem najlepszą artystką, jesteś dobrą artystką?
mężczyzna|mężczyzna|I almost killed him, and what did you do?|Prawie go zabiłem, a ty co zrobiłeś?|Prawie go zabiłem, a co ty zrobiłeś?|Niemal go zabiłem, a co ty zrobiłeś?|Prawie go zabiłem, a co ty zrobiłeś?|Niemal go zabiłem, a co ty zrobiłeś?
mężczyzna|kobieta|I almost killed him, and what did you do?|Prawie go zabiłem, a ty co zrobiłaś?|Niemal go zabiłem, a co ty zrobiłaś?|Niemal go zabiłem, a co ty zrobiłaś?|Niemal go zabiłem, a co ty zrobiłeś?|Niemal go zabiłem, a co ty zrobiłaś?
kobieta|mężczyzna|I almost killed him, and what did you do?|Prawie go zabiłam, a ty co zrobiłeś?|Prawie go zabiłam, a co ty zrobiłeś?|Niemal go zabiłam, a co ty zrobiłeś?|Prawie go zabiłam, a co ty zrobiłeś?|Niemal go zabiłam, a co ty zrobiłeś?
kobieta|kobieta|I almost killed him, and what did you do?|Prawie go zabiłam, a ty co zrobiłaś?|Niemal go zabiłam, a co ty zrobiłaś?|Niemal go zabiłam, a co ty zrobiłaś?|Niemal go zabiłam, a co ty zrobiłaś?|Niemal go zabiłam, a co ty zrobiłaś?
kobieta|kobieta|I wanted to paint my walls but you didn't borrow me paint|Chciałam pomalować moje ściany ale nie pożyczyłaś mi farby|Chciałam pomalować ściany, ale nie pożyczyłeś mi farby.|Chciałam pomalować ściany, ale nie pożyczyłaś mi farby.|Chciałam pomalować ściany, ale nie pożyczyłaś mi farby.|Chciałam pomalować ściany, ale nie pożyczyłaś mi farby.
kobieta|mężczyzna|I wanted to paint my walls but you didn't borrow me paint|Chciałam pomalować moje ściany ale nie pożyczyłeś mi farby|Chciałam pomalować ściany, ale nie pożyczyłeś mi farby.|Chciałam pomalować ściany, ale nie pożyczyłeś mi farby.|Chciałam pomalować ściany, ale nie pożyczyłeś mi farby.|Chciałam pomalować ściany, ale nie pożyczyłeś mi farby.
mężczyzna|kobieta|I wanted to paint my walls but you didn't borrow me paint|Chciałem pomalować moje ściany ale nie pożyczyłaś mi farby|Chciałem pomalować ściany, ale nie pożyczyłeś mi farby.|Chciałem pomalować ściany, ale nie pożyczyłaś mi farby.|Chciałem pomalować ściany, ale nie pożyczyłeś mi farby.|Chciałem pomalować ściany, ale nie pożyczyłaś mi farby.
mężczyzna|mężczyzna|I wanted to paint my walls but you didn't borrow me paint|Chciałem pomalować moje ściany ale nie pożyczyłeś mi farby|Chciałem pomalować ściany, ale nie pożyczyłeś mi farby.|Chciałem pomalować ściany, ale nie pożyczyłeś mi farby.|Chciałem pomalować ściany, ale nie pożyczyłeś mi farby.|Chciałem pomalować ściany, ale nie pożyczyłeś mi farby.
mężczyzna|kobieta|I fixed the car, did you manage to fix your bike?|Naprawiłem samochód, czy udało ci się naprawić rower?|Naprawiłem samochód, czy udało ci się naprawić rower?|Naprawiłem samochód, czy udało ci się naprawić rower?|Naprawiłem samochód, czy udało ci się naprawić rower?|Naprawiłem samochód, czy udało ci się naprawić rower?
kobieta|mężczyzna|I fixed the car, did you manage to fix your bike?|Naprawiłam samochód, czy udało ci się naprawić rower?|Naprawiłam samochód, czy udało ci się naprawić rower?|Naprawiłam samochód, czy udało ci się naprawić rower?|Naprawiłam samochód, a czy udało ci się naprawić rower?|Naprawiłam samochód, czy udało ci się naprawić rower?
mężczyzna|mężczyzna|I fixed the car, did you manage to fix your bike?|Naprawiłem samochód, czy udało ci się naprawić rower?|Naprawiłem samochód, udało ci się naprawić rower?|Naprawiłem samochód, czy udało ci się naprawić rower?|Naprawiłem samochód, udało ci się naprawić rower?|Naprawiłem samochód, czy udało ci się naprawić rower?
kobieta|kobieta|I fixed the car, did you manage to fix your bike?|Naprawiłam samochód, czy udało ci się naprawić rower?|Naprawiłam samochód, czy udało ci się naprawić rower?|Naprawiłam samochód, czy udało ci się naprawić rower?|Naprawiłam samochód, udało ci się naprawić rower?|Naprawiłam samochód, a czy udało ci się naprawić rower?
mężczyzna|kobieta|I read the whole book, did you finish reading yours?|Przeczytałem całą książkę, czy skończyłaś swoją?|Przeczytałam całą książkę, skończyłaś czytać swoją?|Przeczytałem całą książkę, skończyłaś czytać swoją?|Przeczytałem całą książkę, skończyłaś swoją?|Przeczytałem całą książkę, skończyłaś czytać swoją?
kobieta|mężczyzna|I read the whole book, did you finish reading yours?|Przeczytałam całą książkę, czy skończyłeś swoją?|Przeczytałam całą książkę, skończyłeś swoją?|Przeczytałam całą książkę, skończyłeś czytać swoją?|Przeczytałam całą książkę, skończyłeś już swoją?|Przeczytałam całą książkę, skończyłeś już swoją?
mężczyzna|mężczyzna|I read the whole book, did you finish reading yours?|Przeczytałem całą książkę, czy skończyłeś swoją?|Przeczytałem całą książkę, skończyłeś swoją?|Przeczytałem całą książkę, skończyłeś czytać swoją?|Przeczytałem całą książkę, skończyłeś swoją?|Przeczytałem całą książkę, skończyłeś swoją?
kobieta|kobieta|I read the whole book, did you finish reading yours?|Przeczytałam całą książkę, czy skończyłaś swoją?|Przeczytałam całą książkę, skończyłaś swoją?|Przeczytałam całą książkę, skończyłaś czytać swoją?|Przeczytałam całą książkę, skończyłaś czytać swoją?|Przeczytałam całą książkę, skończyłaś już swoją?
mężczyzna|kobieta|I cooked dinner, did you bring the drinks?|Ugotowałem obiad, czy przyniosłaś napoje?|Ugotowałem kolację, przyniosłaś napoje?|Ugotowałem kolację, przyniosłaś napoje?|Przygotowałem kolację, przyniosłeś napoje?|Przygotowałem kolację, przyniosłaś napoje?
kobieta|mężczyzna|I cooked dinner, did you bring the drinks?|Ugotowałam obiad, czy przyniosłeś napoje?|Ugotowałam kolację, przyniosłeś napoje?|Ugotowałam kolację, przyniosłeś napoje?|Ugotowałam kolację, przyniosłeś napoje?|Przygotowałam kolację, przyniosłeś napoje?
mężczyzna|mężczyzna|I cooked dinner, did you bring the drinks?|Ugotowałem obiad, czy przyniosłeś napoje?|Ugotowałem kolację, przyniosłeś napoje?|Przygotowałem kolację, przyniosłeś napoje?|Ugotowałem kolację, przyniosłeś napoje?|Przygotowałem kolację, przyniosłeś napoje?
kobieta|kobieta|I cooked dinner, did you bring the drinks?|Ugotowałam obiad, czy przyniosłaś napoje?|Ugotowałam obiad, przyniosłaś napoje?|Ugotowałam kolację, przyniosłaś napoje?|Ugotowałam obiad, przyniosłaś napoje?|Przygotowałam kolację, przyniosłaś napoje?
mężczyzna|kobieta|I watched that movie last night, did you like it?|Obejrzałem ten film wczoraj wieczorem, spodobał ci się?|Oglądałem ten film wczoraj wieczorem, podobał ci się?|Oglądałem ten film wczoraj wieczorem, podobało ci się?|Oglądałam ten film wczoraj wieczorem, podobał ci się?|Oglądałem ten film wczoraj wieczorem, podobał ci się?
kobieta|mężczyzna|I watched that movie last night, did you like it?|Obejrzałam ten film wczoraj wieczorem, spodobał ci się?|Oglądałam ten film wczoraj wieczorem, podobał ci się?|Oglądałam ten film wczoraj wieczorem, podobał ci się?|Obejrzałam ten film wczoraj wieczorem, podobał ci się?|Oglądałam ten film wczoraj wieczorem, podobał ci się?
mężczyzna|mężczyzna|I watched that movie last night, did you like it?|Obejrzałem ten film wczoraj wieczorem, spodobał ci się?|Oglądałem ten film wczoraj wieczorem, podobał ci się?|Oglądałem ten film wczoraj wieczorem, podobało ci się?|Oglądałem ten film wczoraj wieczorem, podobał ci się?|Oglądałem ten film wczoraj wieczorem, podobał ci się?
kobieta|kobieta|I watched that movie last night, did you like it?|Obejrzałam ten film wczoraj wieczorem, spodobał ci się?|Oglądałam ten film wczoraj wieczorem, podobał ci się?|Oglądałam ten film wczoraj wieczorem, podobało ci się?|Widziałam ten film wczoraj wieczorem, podobał ci się?|Oglądałam ten film wczoraj wieczorem, podobał ci się?
mężczyzna|kobieta|I cleaned the kitchen, did you take out the trash?|Posprzątałem kuchnię, czy wyniosłaś śmieci?|Posprzątałem kuchnię, czy wyrzuciłaś śmieci?|Posprzątałem kuchnię, czy wyniosłaś śmieci?|Posprzątałem kuchnię, czy wyniosłaś śmieci?|Posprzątałem kuchnię, czy wyniosłaś śmieci?
kobieta|mężczyzna|I cleaned the kitchen, did you take out the trash?|Posprzątałam kuchnię, czy wyniosłeś śmieci?|Posprzątałam kuchnię, wyrzuciłeś śmieci?|Posprzątałam kuchnię, czy wyniosłeś śmieci?|Posprzątałam kuchnię, czy wyniosłaś śmieci?|Posprzątałam kuchnię, czy wyniosłeś śmieci?
mężczyzna|mężczyzna|I cleaned the kitchen, did you take out the trash?|Posprzątałem kuchnię, czy wyniosłeś śmieci?|Posprzątałem kuchnię, czy wyniosłeś śmieci?|Posprzątałem kuchnię, czy wyniosłeś śmieci?|Posprzątałem kuchnię, czy wyniosłeś śmieci?|Posprzątałem kuchnię, czy wyniosłeś śmieci?
kobieta|kobieta|I cleaned the kitchen, did you take out the trash?|Posprzątałam kuchnię, czy wyniosłaś śmieci?|Posprzątałam kuchnię, czy wyniosłaś śmieci?|Posprzątałam kuchnię, czy wyniosłaś śmieci?|Posprzątałam kuchnię, czy wyniosłaś śmieci?|Posprzątałam kuchnię, czy wyniosłaś śmieci?
mężczyzna|kobieta|I bought the tickets, did you remember to book the hotel?|Kupiłem bilety, czy pamiętałaś zarezerwować hotel?|Kupiłem bilety, czy zapamiętałaś, żeby zarezerwować hotel?|Kupiłem bilety, czy zapamiętałaś, żeby zarezerwować hotel?|Kupiłem bilety, czy zapamiętałeś, żeby zarezerwować hotel?|Kupiłem bilety, czy zapamiętałaś, żeby zarezerwować hotel?
kobieta|mężczyzna|I bought the tickets, did you remember to book the hotel?|Kupiłam bilety, czy pamiętałeś zarezerwować hotel?|Kupiłam bilety, czy pamiętałeś o rezerwacji hotelu?|Kupiłam bilety, czy pamiętałeś o rezerwacji hotelu?|Kupiłam bilety, czy zapamiętałeś, żeby zarezerwować hotel?|Kupiłam bilety, czy zapamiętałeś, żeby zarezerwować hotel?
mężczyzna|mężczyzna|I bought the tickets, did you remember to book the hotel?|Kupiłem bilety, czy pamiętałeś zarezerwować hotel?|Kupiłem bilety, czy zapamiętałeś, żeby zarezerwować hotel?|Kupiłem bilety, czy pamiętałeś o rezerwacji hotelu?|Kupiłem bilety, czy zapamiętałeś, żeby zarezerwować hotel?|Kupiłem bilety, czy pamiętałeś o rezerwacji hotelu?
kobieta|kobieta|I bought the tickets, did you remember to book the hotel?|Kupiłam bilety, czy pamiętałaś zarezerwować hotel?|Kupiłam bilety, czy zapamiętałaś, żeby zarezerwować hotel?|Kupiłam bilety, czy zapamiętałaś, żeby zarezerwować hotel?|Kupiłam bilety, czy zapamiętałaś, żeby zarezerwować hotel?|Kupiłam bilety, czy zapamiętałaś, żeby zarezerwować hotel?
mężczyzna|kobieta|I found the keys, did you find your wallet?|Znalazłem klucze, czy znalazłaś swój portfel?|Znalazłem klucze, czy znalazłaś swoją portmonetkę?|Znalazłem klucze, czy znalazłaś swoją portmonetkę?|Znalazłem klucze, czy znalazłaś swoją portmonetkę?|Znalazłem klucze, czy znalazłaś swoją portmonetkę?
kobieta|mężczyzna|I found the keys, did you find your wallet?|Znalazłam klucze, czy znalazłeś swój portfel?|Znalazłam klucze, znalazłeś swój portfel?|Znalazłam klucze, czy znalazłeś swój portfel?|Znalazłam klucze, znalazłaś swoją portmonetkę?|Znalazłam klucze, czy znalazłeś swój portfel?
mężczyzna|mężczyzna|I found the keys, did you find your wallet?|Znalazłem klucze, czy znalazłeś swój portfel?|Znalazłem klucze, czy znalazłeś swój portfel?|Znalazłem klucze, czy znalazłeś swój portfel?|Znalazłem klucze, znalazłeś swój portfel?|Znalazłem klucze, czy znalazłeś swój portfel?
kobieta|kobieta|I found the keys, did you find your wallet?|Znalazłam klucze, czy znalazłaś swój portfel?|Znalazłam klucze, znalazłaś swoją portmonetkę?|Znalazłam klucze, czy znalazłaś swoją portmonetkę?|Znalazłam klucze, znalazłaś swoją portmonetkę?|Znalazłam klucze, czy znalazłaś swoją portmonetkę?
mężczyzna|kobieta|I sent the email, did you call the client?|Wysłałem maila, czy zadzwoniłaś do klienta?|Wysłałem e-maila, czy skontaktowałaś się z klientem?|Wysłałem e-maila, czy dzwoniłaś do klienta?|Wysłałem e-maila, czy skontaktowałaś się z klientem?|Wysłałem e-maila, czy dzwoniłaś do klienta?
kobieta|mężczyzna|I sent the email, did you call the client?|Wysłałam maila, czy zadzwoniłeś do klienta?|Wysłałam e-maila, czy dzwoniłeś do klienta?|Wysłałam e-maila, czy dzwoniłeś do klienta?|Wysłałam e-maila, czy dzwoniłeś do klienta?|Wysłałam e-maila, czy dzwoniłeś do klienta?
mężczyzna|mężczyzna|I sent the email, did you call the client?|Wysłałem maila, czy zadzwoniłeś do klienta?|Wysłałem e-maila, czy dzwoniłeś do klienta?|Wysłałem e-maila, czy dzwoniłeś do klienta?|Wysłałem e-maila, czy dzwoniłeś do klienta?|Wysłałem e-maila, czy dzwoniłeś do klienta?
kobieta|kobieta|I sent the email, did you call the client?|Wysłałam maila, czy zadzwoniłaś do klienta?|Wysłałam e-maila, czy dzwoniłaś do klienta?|Wysłałam e-maila, czy dzwoniłaś do klienta?|Wysłałam e-maila, czy dzwoniłaś do klienta?|Wysłałam e-maila, czy dzwoniłaś do klienta?
mężczyzna|kobieta|I finished the report, did you complete the presentation?|Skończyłem raport, czy ukończyłaś prezentację?|Skoczyłem raport, czy skończyłaś prezentację?|Skoczyłem raport, czy skończyłaś prezentację?|Skończyłem raport, czy przygotowałeś prezentację?|Skończyłem raport, czy przygotowałaś prezentację?
kobieta|mężczyzna|I finished the report, did you complete the presentation?|Skończyłam raport, czy ukończyłeś prezentację?|Skoczyłam raport, czy skończyłeś prezentację?|Skoczyłam raport, czy skończyłeś prezentację?|Skoczyłam raport, czy skończyłeś prezentację?|Skończyłam raport, czy zrobiłeś prezentację?
mężczyzna|mężczyzna|I finished the report, did you complete the presentation?|Skończyłem raport, czy ukończyłeś prezentację?|Skoczyłem raport, czy skończyłeś prezentację?|Skończyłem raport, czy skończyłeś prezentację?|Skoczyłem raport, czy skończyłeś prezentację?|Skończyłem raport, czy zrobiłeś prezentację?
kobieta|kobieta|I finished the report, did you complete the presentation?|Skończyłam raport, czy ukończyłaś prezentację?|Skoczyłam raport, czy skończyłaś prezentację?|Skoczyłam raport, czy skończyłaś prezentację?|Skończyłam raport, czy przygotowałaś prezentację?|Skończyłam raport, czy przygotowałaś prezentację?
mężczyzna|kobieta|I repaired the sink, did you fix the door?|Naprawiłem zlew, czy naprawiłaś drzwi?|Naprawiłem zlew, czy naprawiłaś drzwi?|Naprawiłem zlew, czy naprawiłaś drzwi?|Naprawiłem zlew, a ty naprawiłeś drzwi?|Naprawiłem zlew, czy naprawiłaś drzwi?
kobieta|mężczyzna|I repaired the sink, did you fix the door?|Naprawiłam zlew, czy naprawiłeś drzwi?|Naprawiłam zlew, czy naprawiłeś drzwi?|Naprawiłam zlew, czy naprawiłeś drzwi?|Naprawiłam zlew, czy naprawiłaś drzwi?|Naprawiłam zlew, czy naprawiłeś drzwi?
mężczyzna|mężczyzna|I repaired the sink, did you fix the door?|Naprawiłem zlew, czy naprawiłeś drzwi?|Naprawiłem zlew, czy naprawiłeś drzwi?|Naprawiłem zlew, czy naprawiłeś drzwi?|Naprawiłem zlew, czy naprawiłeś drzwi?|Naprawiłem zlew, a ty naprawiłeś drzwi?
kobieta|kobieta|I repaired the sink, did you fix the door?|Naprawiłam zlew, czy naprawiłaś drzwi?|Naprawiłam zlew, czy naprawiłaś drzwi?|Naprawiłam zlew, czy naprawiłaś drzwi?|Naprawiłam zlew, czy naprawiłaś drzwi?|Naprawiłam zlew, czy naprawiłaś drzwi?
mężczyzna|kobieta|I wrote the letter, did you send it?|Napisałem list, czy go wysłałaś?|Napisałem list, czy go wysłałaś?|Napisałem list, czy go wysłałaś?|Napisałem list, czy go wysłałeś?|Napisałem list, czy go wysłałaś?
kobieta|mężczyzna|I wrote the letter, did you send it?|Napisałam list, czy go wysłałeś?|Napisałam list, czy go wysłałeś?|Napisałam list, czy go wysłałeś?|Napisałam list, wysłałeś go?|Napisałam list, czy go wysłałeś?
mężczyzna|mężczyzna|I wrote the letter, did you send it?|Napisałem list, czy go wysłałeś?|Napisałem list, czy go wysłałeś?|Napisałem list, czy go wysłałeś?|Napisałem list, wysłałeś go?|Napisałem list, czy go wysłałeś?
kobieta|kobieta|I wrote the letter, did you send it?|Napisałam list, czy go wysłałaś?|Napisałam list, czy go wysłałaś?|Napisałam list, czy go wysłałaś?|Napisałam list, czy go wysłałaś?|Napisałam list, czy go wysłałaś?
mężczyzna|kobieta|I repaired my laptop, did you back up your files?|Naprawiłem laptopa, czy zrobiłaś kopię zapasową plików?|Naprawiłem swój laptop, czy zrobiłaś kopię zapasową swoich plików?|Naprawiłem swój laptop, czy zrobiłaś kopię zapasową swoich plików?|Naprawiłem swój laptop, zrobiłaś kopię zapasową swoich plików?|Naprawiłem swój laptop, czy zrobiłaś kopię zapasową swoich plików?
kobieta|mężczyzna|I repaired my laptop, did you back up your files?|Naprawiłam laptopa, czy zrobiłeś kopię zapasową plików?|Naprawiłam swój laptop, czy zrobiłeś kopię zapasową swoich plików?|Naprawiłam swój laptop, czy zrobiłeś kopię zapasową swoich plików?|Naprawiłam swój laptop, zrobiłeś kopię zapasową swoich plików?|Naprawiłam swój laptop, czy zrobiłeś kopię zapasową swoich plików?
mężczyzna|mężczyzna|I repaired my laptop, did you back up your files?|Naprawiłem laptopa, czy zrobiłeś kopię zapasową plików?|Naprawiłem swój laptop, czy zrobiłeś kopię zapasową swoich plików?|Naprawiłem swój laptop, czy zrobiłeś kopię zapasową swoich plików?|Naprawiłem swój laptop, czy zrobiłeś kopię zapasową swoich plików?|Naprawiłem swój laptop, czy zrobiłeś kopię zapasową swoich plików?
kobieta|kobieta|I repaired my laptop, did you back up your files?|Naprawiłam laptopa, czy zrobiłaś kopię zapasową plików?|Naprawiłam swój laptop, czy zrobiłaś kopię zapasową swoich plików?|Naprawiłam swój laptop, czy zrobiłaś kopię zapasową swoich plików?|Naprawiłam swój laptop, czy zrobiłaś kopię zapasową swoich plików?|Naprawiłam swój laptop, czy zrobiłaś kopię zapasową swoich plików?
mężczyzna|kobieta|I sent the documents you asked for yesterday, but you still haven't replied, could you please check your inbox?|Wysłałem wczoraj dokumenty, o które prosiłaś, ale nadal mi nie odpisałaś, czy mogłabyś sprawdzić swoją skrzynkę?|Wysłałem dokumenty, o które prosiłaś wczoraj, ale nadal nie odpowiedziałeś. Czy mógłbyś sprawdzić swoją skrzynkę odbiorczą?|Wysłałem dokumenty, o które prosiłaś wczoraj, ale nadal nie odpowiedziałaś. Czy mogłabyś sprawdzić swoją skrzynkę odbiorczą?|Wysłałem dokumenty, o które prosiłaś wczoraj, ale nadal nie odpowiedziałaś. Czy mogłabyś sprawdzić swoją skrzynkę odbiorczą?|Wysłałem dokumenty, o które prosiłaś wczoraj, ale nadal nie odpowiedziałaś. Czy mogłabyś sprawdzić swoją skrzynkę odbiorczą?
kobieta|mężczyzna|I sent the documents you asked for yesterday, but you still haven't replied, could you please check your inbox?|Wysłałam wczoraj dokumenty, o które prosiłeś, ale nadal mi nie odpisałeś, czy mógłbyś sprawdzić swoją skrzynkę?|Wysłałam dokumenty, o które prosiłeś wczoraj, ale nadal nie odpowiedziałeś. Czy mógłbyś sprawdzić swoją skrzynkę odbiorczą?|Wysłałam dokumenty, o które prosiłeś wczoraj, ale nadal nie odpowiedziałeś. Mógłbyś sprawdzić swoją skrzynkę odbiorczą?|Wysłałam dokumenty, o które prosiłeś wczoraj, ale nadal nie odpowiedziałeś. Mógłbyś sprawdzić swoją skrzynkę odbiorczą?|Wysłałam dokumenty, o które prosiłeś wczoraj, ale nadal nie odpowiedziałeś. Mógłbyś sprawdzić swoją skrzynkę odbiorczą?
mężczyzna|mężczyzna|I sent the documents you asked for yesterday, but you still haven't replied, could you please check your inbox?|Wysłałem wczoraj dokumenty, o które prosiłeś, ale nadal mi nie odpisałeś, czy mógłbyś sprawdzić swoją skrzynkę?|Wysłałem dokumenty, o które prosiłeś wczoraj, ale nadal nie odpowiedziałeś. Czy mógłbyś sprawdzić swoją skrzynkę odbiorczą?|Wysłałem dokumenty, o które prosiłeś wczoraj, ale nadal nie odpowiedziałeś. Mógłbyś sprawdzić swoją skrzynkę odbiorczą?|Wysłałem dokumenty, o które prosiłeś wczoraj, ale nadal nie odpowiedziałeś. Mógłbyś sprawdzić swoją skrzynkę odbiorczą?|Wysłałem dokumenty, o które prosiłeś wczoraj, ale nadal nie odpowiedziałeś. Mógłbyś sprawdzić swoją skrzynkę odbiorczą?
kobieta|kobieta|I sent the documents you asked for yesterday, but you still haven't replied, could you please check your inbox?|Wysłałam wczoraj dokumenty, o które prosiłaś, ale nadal mi nie odpisałaś, czy mogłabyś sprawdzić swoją skrzynkę?|Wysłałam dokumenty, o które prosiłaś wczoraj, ale nadal nie odpowiedziałaś. Czy mogłabyś sprawdzić swoją skrzynkę odbiorczą?|Wysłałam dokumenty, o które prosiłaś wczoraj, ale nadal nie odpowiedziałaś. Czy mogłabyś sprawdzić swoją skrzynkę odbiorczą?|Wysłałam dokumenty, o które prosiłaś wczoraj, ale nadal nie odpowiedziałaś. Czy mogłabyś sprawdzić swoją skrzynkę odbiorczą?|Wysłałam dokumenty, o które prosiłaś wczoraj, ale nadal nie odpowiedziałaś. Czy mogłabyś sprawdzić swoją skrzynkę odbiorczą?
mężczyzna|kobieta|I stayed up all night preparing the presentation because you promised to help me, why didn't you show up?|Siedziałem całą noc przygotowując prezentację, bo obiecałaś, że mi pomożesz — dlaczego się nie pojawiłaś?|Czekałem na ciebie całą noc, przygotowując prezentację, bo obiecałaś mi pomóc, dlaczego się nie pojawiłaś?|Czekałem na ciebie całą noc, przygotowując prezentację, bo obiecałaś mi pomóc, dlaczego się nie pojawiłaś?|Czekałem na ciebie całą noc, przygotowując prezentację, bo obiecałeś mi pomóc, dlaczego się nie pojawiłeś?|Czekałem na ciebie całą noc, przygotowując prezentację, bo obiecałaś mi pomóc, dlaczego się nie pojawiłaś?
kobieta|mężczyzna|I stayed up all night preparing the presentation because you promised to help me, why didn't you show up?|Siedziałam całą noc przygotowując prezentację, bo obiecałeś, że mi pomożesz — dlaczego się nie pojawiłeś?|Czekałam całą noc, przygotowując prezentację, bo obiecałeś mi pomóc, dlaczego się nie pojawiłeś?|Czekałam na ciebie całą noc, przygotowując prezentację, bo obiecałeś mi pomóc, dlaczego się nie pojawiłeś?|Czekałam całą noc, przygotowując prezentację, bo obiecałeś mi pomóc, dlaczego się nie pojawiłeś?|Czekałam na ciebie całą noc, przygotowując prezentację, bo obiecałeś mi pomóc, dlaczego się nie pojawiłeś?
mężczyzna|mężczyzna|I stayed up all night preparing the presentation because you promised to help me, why didn't you show up?|Siedziałem całą noc przygotowując prezentację, bo obiecałeś, że mi pomożesz — dlaczego się nie pojawiłeś?|Czekałem na ciebie całą noc, przygotowując prezentację, bo obiecałeś mi pomóc. Dlaczego się nie pojawiłeś?|Czekałem na ciebie całą noc, przygotowując prezentację, bo obiecałeś mi pomóc, dlaczego się nie pojawiłeś?|Czekałem na ciebie całą noc, przygotowując prezentację, bo obiecałeś mi pomóc, dlaczego się nie pojawiłeś?|Czekałem na ciebie całą noc, przygotowując prezentację, bo obiecałeś mi pomóc, dlaczego się nie pojawiłeś?
kobieta|kobieta|I stayed up all night preparing the presentation because you promised to help me, why didn't you show up?|Siedziałam całą noc przygotowując prezentację, bo obiecałaś, że mi pomożesz — dlaczego się nie pojawiłaś?|Czekałam na ciebie całą noc, przygotowując prezentację, bo obiecałeś mi pomóc, dlaczego się nie pojawiłeś?|Czekałam na ciebie całą noc, przygotowując prezentację, bo obiecałaś mi pomóc, dlaczego się nie pojawiłaś?|Czekałam całą noc przygotowując prezentację, bo obiecałaś mi pomóc, dlaczego się nie pojawiłaś?|Czekałam na ciebie całą noc, przygotowując prezentację, bo obiecałaś mi pomóc, dlaczego się nie pojawiłaś?
mężczyzna|kobieta|I bought everything for the party and decorated the room, were you able to invite all our friends?|Kupiłem wszystko na przyjęcie i udekorowałem pokój, czy udało ci się zaprosić wszystkich naszych przyjaciół?|Kupiłem wszystko na imprezę i udekorowałem pokój, czy udało ci się zaprosić wszystkich naszych znajomych?|Kupiłem wszystko na imprezę i udekorowałem pokój, czy udało ci się zaprosić wszystkich naszych znajomych?|Kupiłem wszystko na imprezę i udekorowałem pokój, udało ci się zaprosić wszystkich naszych znajomych?|Kupiłem wszystko na imprezę i udekorowałem pokój, czy udało ci się zaprosić wszystkich naszych znajomych?
kobieta|mężczyzna|I bought everything for the party and decorated the room, were you able to invite all our friends?|Kupiłam wszystko na przyjęcie i udekorowałam pokój, czy udało ci się zaprosić wszystkich naszych przyjaciół?|Kupiłam wszystko na imprezę i udekorowałam pokój, czy udało ci się zaprosić wszystkich naszych znajomych?|Kupiłam wszystko na imprezę i udekorowałam pokój, czy udało ci się zaprosić wszystkich naszych przyjaciół?|Kupiłam wszystko na imprezę i udekorowałam pokój, udało ci się zaprosić wszystkich naszych znajomych?|Kupiłam wszystko na imprezę i udekorowałam pokój, czy udało ci się zaprosić wszystkich naszych znajomych?
mężczyzna|mężczyzna|I bought everything for the party and decorated the room, were you able to invite all our friends?|Kupiłem wszystko na przyjęcie i udekorowałem pokój, czy udało ci się zaprosić wszystkich naszych przyjaciół?|Kupiłem wszystko na imprezę i udekorowałem pokój, czy udało ci się zaprosić wszystkich naszych znajomych?|Kupiłem wszystko na imprezę i udekorowałem pokój, czy udało ci się zaprosić wszystkich naszych znajomych?|Kupiłem wszystko na imprezę i udekorowałem pokój, czy udało ci się zaprosić wszystkich naszych znajomych?|Kupiłem wszystko na imprezę i udekorowałem pokój, czy udało ci się zaprosić wszystkich naszych znajomych?
kobieta|kobieta|I bought everything for the party and decorated the room, were you able to invite all our friends?|Kupiłam wszystko na przyjęcie i udekorowałam pokój, czy udało ci się zaprosić wszystkich naszych przyjaciół?|"Kupiłam wszystko na imprezę i udekorowałam pokój, czy udało ci się zaprosić wszystkich naszych znajomych? (jeśli mówca jest kobietą)

Kupiłem wszystko na imprezę i udekorowałem pokój, czy udało ci się zaprosić wszystkich naszych znajomych? (jeśli mówca jest mężczyzną)"|Kupiłam wszystko na imprezę i udekorowałam pokój, czy udało ci się zaprosić wszystkich naszych znajomych?|Kupiłam wszystko na imprezę i udekorowałam pokój, udało ci się zaprosić wszystkich naszych znajomych?|Kupiłam wszystko na imprezę i udekorowałam pokój, udało ci się zaprosić wszystkich naszych znajomych?
mężczyzna|kobieta|I cleaned the kitchen, did you at least take out the trash?|Posprzątałem kuchnię, wyniosłaś chociaż śmieci?|Posprzątałem kuchnię, czy chociaż wyniosłeś śmieci?|Posprzątałem kuchnię, czy chociaż wyniosłaś śmieci?|Posprzątałam kuchnię, czy chociaż wyniosłeś śmieci?|Posprzątałem kuchnię, czy chociaż wyniosłaś śmieci?
kobieta|mężczyzna|I cleaned the kitchen, did you at least take out the trash?|Posprzątałam kuchnię, wyniosłeś chociaż śmieci?|Posprzątałam kuchnię, czy chociaż wyniosłeś śmieci?|Posprzątałam kuchnię, czy chociaż wyniosłeś śmieci?|Posprzątałam kuchnię, czy chociaż wyniosłeś śmieci?|Posprzątałam kuchnię, czy chociaż wyniosłeś śmieci?
mężczyzna|mężczyzna|I cleaned the kitchen, did you at least take out the trash?|Posprzątałem kuchnię, wyniosłeś chociaż śmieci?|Posprzątałem kuchnię, czy chociaż wyniosłeś śmieci?|Posprzątałem kuchnię, czy chociaż wyniosłeś śmieci?|Posprzątałem kuchnię, czy chociaż wyniosłeś śmieci?|Posprzątałem kuchnię, czy chociaż wyniosłeś śmieci?
kobieta|kobieta|I cleaned the kitchen, did you at least take out the trash?|Posprzątałam kuchnię, wyniosłaś chociaż śmieci?|Posprzątałam kuchnię, czy chociaż wyniosłaś śmieci?|Posprzątałam kuchnię, czy chociaż wyniosłaś śmieci?|Posprzątałam kuchnię, czy chociaż wyniosłaś śmieci?|Posprzątałam kuchnię, czy chociaż wyniosłaś śmieci?
mężczyzna|kobieta|I told you not to forget the tickets, did you bring them or not?|Mówiłem ci, żebyś nie zapomniała biletów — masz je czy nie?|Powiedziałem ci, żebyś nie zapomniała o biletach, przyniosłaś je czy nie?|Powiedziałem ci, żebyś nie zapomniała o biletach, przyniosłaś je czy nie?|Powiedziałem ci, żebyś nie zapomniała biletów, przyniosłaś je czy nie?|Powiedziałem ci, żebyś nie zapomniała o biletach, przyniosłaś je czy nie?
kobieta|mężczyzna|I told you not to forget the tickets, did you bring them or not?|Mówiłam ci, żebyś nie zapomniał biletów — masz je czy nie?|Powiedziałam ci, żebyś nie zapomniał o biletach, przyniosłeś je czy nie?|Powiedziałam ci, żebyś nie zapomniał o biletach, przyniosłeś je czy nie?|Powiedziałam ci, żebyś nie zapomniał o biletach, przyniosłeś je czy nie?|Mówiłaś, żebym nie zapomniał biletów, przyniosłem je czy nie?
mężczyzna|mężczyzna|I told you not to forget the tickets, did you bring them or not?|Mówiłem ci, żebyś nie zapomniał biletów — masz je czy nie?|Powiedziałem ci, żebyś nie zapomniał o biletach. Przyniosłeś je czy nie?|Powiedziałem ci, żebyś nie zapomniał o biletach, przyniosłeś je czy nie?|Powiedziałem ci, żebyś nie zapomniał o biletach, przyniosłeś je czy nie?|Powiedziałem ci, żebyś nie zapomniał o biletach, przyniosłeś je czy nie?
kobieta|kobieta|I told you not to forget the tickets, did you bring them or not?|Mówiłam ci, żebyś nie zapomniała biletów — masz je czy nie?|Powiedziałam ci, żebyś nie zapomniał biletów, przyniosłeś je czy nie?|Powiedziałam ci, żebyś nie zapomniała o biletach, przyniosłaś je czy nie?|Powiedziałam ci, żebyś nie zapomniała o biletach, przyniosłaś je czy nie?|Powiedziałam ci, żebyś nie zapomniała o biletach, przyniosłaś je czy nie?
mężczyzna|kobieta|I bought all the groceries like you asked, but you forgot to make the list, didn't you?|Kupiłem wszystkie zakupy, jak prosiłaś, ale zapomniałaś zrobić listę, prawda?|Kupiłem wszystkie zakupy, o które prosiłaś, ale zapomniałaś sporządzić listę, prawda?|Kupiłem wszystkie zakupy spożywcze, jak prosiłaś, ale zapomniałaś sporządzić listę, prawda?|Kupiłem wszystkie zakupy, o które prosiłaś, ale zapomniałaś sporządzić listę, prawda?|Kupiłem wszystkie zakupy, o które prosiłaś, ale zapomniałaś sporządzić listę, prawda?
kobieta|mężczyzna|I bought all the groceries like you asked, but you forgot to make the list, didn't you?|Kupiłam wszystkie zakupy, jak prosiłeś, ale zapomniałeś zrobić listę, prawda?|Kupiłam wszystkie zakupy, o które prosiłeś, ale zapomniałeś sporządzić listę, prawda?|Kupiłam wszystkie zakupy, o które prosiłeś, ale zapomniałeś sporządzić listę, prawda?|Kupiłam wszystkie zakupy tak jak prosiłeś, ale zapomniałeś sporządzić listę, prawda?|Kupiłam wszystkie zakupy, o które prosiłeś, ale zapomniałeś sporządzić listę, prawda?
mężczyzna|mężczyzna|I bought all the groceries like you asked, but you forgot to make the list, didn't you?|Kupiłem wszystkie zakupy, jak prosiłeś, ale zapomniałeś zrobić listę, prawda?|Kupiłem wszystkie zakupy tak jak prosiłeś, ale zapomniałeś sporządzić listę, prawda?|Kupiłem wszystkie zakupy spożywcze, jak prosiłeś, ale zapomniałeś sporządzić listę, prawda?|Kupiłem wszystkie zakupy tak jak prosiłeś, ale zapomniałeś sporządzić listę, prawda?|Kupiłem wszystkie zakupy tak jak prosiłeś, ale zapomniałeś sporządzić listę, prawda?
kobieta|kobieta|I bought all the groceries like you asked, but you forgot to make the list, didn't you?|Kupiłam wszystkie zakupy, jak prosiłaś, ale zapomniałaś zrobić listę, prawda?|Kupiłam wszystkie zakupy tak jak prosiłaś, ale zapomniałaś sporządzić listę, prawda?|Kupiłam wszystkie zakupy, o które prosiłaś, ale zapomniałaś sporządzić listę, prawda?|Kupiłam wszystkie zakupy tak jak prosiłaś, ale zapomniałaś sporządzić listę, prawda?|Kupiłam wszystkie zakupy, o które prosiłaś, ale zapomniałaś sporządzić listę, prawda?
mężczyzna|kobieta|I finally fixed the shower, so now you can't complain anymore!|W końcu naprawiłem prysznic, więc teraz już nie możesz narzekać!|W końcu naprawiłem prysznic, więc teraz już nie możesz narzekać!|W końcu naprawiłem prysznic, więc teraz już nie możesz narzekać!|W końcu naprawiłem prysznic, więc teraz już nie możesz narzekać!|W końcu naprawiłem prysznic, więc teraz już nie możesz narzekać!
kobieta|mężczyzna|I finally fixed the shower, so now you can't complain anymore!|W końcu naprawiłam prysznic, więc teraz już nie możesz narzekać!|W końcu naprawiłam prysznic, więc teraz już nie możesz narzekać!|W końcu naprawiłam prysznic, więc teraz już nie możesz narzekać!|W końcu naprawiłam prysznic, więc teraz już nie możesz narzekać!|W końcu naprawiłam prysznic, więc teraz już nie możesz narzekać!
mężczyzna|mężczyzna|I finally fixed the shower, so now you can't complain anymore!|W końcu naprawiłem prysznic, więc teraz już nie możesz narzekać!|W końcu naprawiłem prysznic, więc teraz już nie możesz narzekać!|W końcu naprawiłem prysznic, więc teraz już nie możesz narzekać!|W końcu naprawiłem prysznic, więc teraz już nie możesz narzekać!|W końcu naprawiłem prysznic, więc teraz już nie możesz narzekać!
kobieta|kobieta|I finally fixed the shower, so now you can't complain anymore!|W końcu naprawiłam prysznic, więc teraz już nie możesz narzekać!|W końcu naprawiłam prysznic, teraz już nie możesz narzekać!|W końcu naprawiłam prysznic, więc teraz już nie możesz narzekać!|W końcu naprawiłam prysznic, więc teraz już nie możesz narzekać!|W końcu naprawiłam prysznic, więc teraz już nie możesz narzekać!
mężczyzna|kobieta|I called you three times this morning, why didn't you pick up?|Dzwoniłem do ciebie trzy razy rano, czemu nie odebrałaś?|Dzwoniłem do ciebie trzy razy rano, dlaczego nie odebrałaś?|Dzwoniłem do ciebie trzy razy rano, czemu nie odebrałaś?|Dzwoniłem do ciebie trzy razy rano, dlaczego nie odebrałeś?|Dzwoniłem do ciebie trzy razy rano, czemu nie odebrałaś?
kobieta|mężczyzna|I called you three times this morning, why didn't you pick up?|Dzwoniłam do ciebie trzy razy rano, czemu nie odebrałeś?|Dzwoniłam do ciebie trzy razy rano, dlaczego nie odebrałeś?|Dzwoniłam do ciebie trzy razy rano, czemu nie odebrałeś?|Dzwoniłam do ciebie trzy razy rano, czemu nie odebrałeś?|Dzwoniłam do ciebie trzy razy rano, czemu nie odebrałeś?
mężczyzna|mężczyzna|I called you three times this morning, why didn't you pick up?|Dzwoniłem do ciebie trzy razy rano, czemu nie odebrałeś?|Dzwoniłem do ciebie trzy razy rano, dlaczego nie odebrałeś?|Dzwoniłem do ciebie trzy razy rano, czemu nie odebrałeś?|Dzwoniłem do ciebie trzy razy rano, czemu nie odebrałeś?|Dzwoniłem do ciebie trzy razy rano, czemu nie odebrałeś?
kobieta|kobieta|I called you three times this morning, why didn't you pick up?|Dzwoniłam do ciebie trzy razy rano, czemu nie odebrałaś?|Dzwoniłam do ciebie trzy razy rano, dlaczego nie odebrałaś?|Dzwoniłam do ciebie trzy razy rano, czemu nie odebrałaś?|Dzwoniłam do ciebie trzy razy rano, dlaczego nie odebrałaś?|Dzwoniłam do ciebie trzy razy rano, czemu nie odebrałaś?
mężczyzna|kobieta|I finished all my tasks at work today, but you still owe me that coffee, remember?|Skończyłem dziś wszystkie zadania w pracy, a ty wciąż jesteś mi winna tę kawę, pamiętasz?|Skoczyłem wszystkie zadania w pracy dzisiaj, ale nadal jesteś mi winien tę kawę, pamiętasz?|Skoczyłem wszystkie zadania w pracy dzisiaj, ale nadal jesteś mi winien tę kawę, pamiętasz?|Wykonaliśmy wszystkie zadania w pracy dzisiaj, ale nadal jesteś mi winna tę kawę, pamiętasz?|Skończyłem wszystkie zadania w pracy dzisiaj, ale nadal jesteś mi winna to kawę, pamiętasz?
kobieta|mężczyzna|I finished all my tasks at work today, but you still owe me that coffee, remember?|Skończyłam dziś wszystkie zadania w pracy, a ty wciąż jesteś mi winien tę kawę, pamiętasz?|Skoczyłam wszystkie moje zadania w pracy dzisiaj, ale nadal jesteś mi winien tę kawę, pamiętasz?|Skoczyłam wszystkie moje zadania w pracy dzisiaj, ale nadal jesteś mi winien tę kawę, pamiętasz?|Skończyłam wszystkie zadania w pracy dzisiaj, ale nadal jesteś mi winien tę kawę, pamiętasz?|Skończyłam dziś wszystkie zadania w pracy, ale nadal jesteś mi winien tę kawę, pamiętasz?
mężczyzna|mężczyzna|I finished all my tasks at work today, but you still owe me that coffee, remember?|Skończyłem dziś wszystkie zadania w pracy, a ty wciąż jesteś mi winien tę kawę, pamiętasz?|Skoczyłem wszystkie zadania w pracy dzisiaj, ale nadal jesteś mi winien tę kawę, pamiętasz?|Wykonaliśmy wszystkie zadania w pracy dzisiaj, ale nadal jesteś mi winien tę kawę, pamiętasz?|Skończyłem wszystkie zadania w pracy dzisiaj, ale nadal jesteś mi winien tę kawę, pamiętasz?|Skończyłem wszystkie zadania w pracy dzisiaj, ale nadal jesteś mi winien to kawę, pamiętasz?
kobieta|kobieta|I finished all my tasks at work today, but you still owe me that coffee, remember?|Skończyłam dziś wszystkie zadania w pracy, a ty wciąż jesteś mi winna tę kawę, pamiętasz?|Skoczyłam wszystkie zadania w pracy dzisiaj, ale nadal jesteś mi winien tę kawę, pamiętasz?|Wykonuję swoje zadania w pracy, ale nadal jesteś mi winna tę kawę, pamiętasz?|Skończyłam wszystkie zadania w pracy dzisiaj, ale nadal jesteś mi winna tę kawę, pamiętasz?|Skończyłam wszystkie zadania w pracy dzisiaj, ale nadal jesteś mi winna to kawę, pamiętasz?
mężczyzna|kobieta|I cleaned the whole garage today, can you believe it?|Posprzątałem dziś cały garaż, możesz w to uwierzyć?|Posprzątałem dzisiaj cały garaż, uwierzysz?|Posprzątałem dzisiaj cały garaż, uwierzysz?|Posprzątałem dzisiaj cały garaż, uwierzysz?|Posprzątałem dzisiaj cały garaż, uwierzysz?
kobieta|mężczyzna|I cleaned the whole garage today, can you believe it?|Posprzątałam dziś cały garaż, możesz w to uwierzyć?|Posprzątałam cały garaż dzisiaj, możesz uwierzyć?|Posprzątałam dzisiaj cały garaż, uwierzysz?|Posprzątałam cały garaż dzisiaj, uwierzysz?|Posprzątałam dzisiaj cały garaż, uwierzysz?
mężczyzna|mężczyzna|I cleaned the whole garage today, can you believe it?|Posprzątałem dziś cały garaż, możesz w to uwierzyć?|Posprzątałem dzisiaj cały garaż, uwierzysz?|Posprzątałem dzisiaj cały garaż, uwierzysz?|Posprzątałem dzisiaj cały garaż, uwierzysz?|Posprzątałem dzisiaj cały garaż, uwierzysz?
kobieta|kobieta|I cleaned the whole garage today, can you believe it?|Posprzątałam dziś cały garaż, możesz w to uwierzyć?|Posprzątałam dzisiaj cały garaż, uwierzysz?|Posprzątałam dzisiaj cały garaż, uwierzysz?|Posprzątałam dzisiaj cały garaż, uwierzysz?|Posprzątałam dzisiaj cały garaż, uwierzysz?
mężczyzna|kobieta|I spent the whole day fixing your laptop, and you didn't even say thank you!|"Spędziłem cały dzień naprawiając twój laptop, a ty nawet nie powiedziałaś ""dziękuję""!"|Spędziłem cały dzień naprawiając twój laptop, a nawet mi nie podziękowałaś!|Spędziłem cały dzień naprawiając twój laptop, a nawet mi nie podziękowałaś!|Spędziłem cały dzień naprawiając twój laptop, a nawet mi nie podziękowałeś!|Spędziłem cały dzień naprawiając twój laptop, a nawet mi nie podziękowałaś!
kobieta|mężczyzna|I spent the whole day fixing your laptop, and you didn't even say thank you!|"Spędziłam cały dzień naprawiając twój laptop, a ty nawet nie powiedziałeś ""dziękuję""!"|Spędziłam cały dzień naprawiając twój laptop, a nawet mi nie podziękowałeś!|Spędziłam cały dzień naprawiając twój laptop, a nawet mi nie podziękowałeś!|Spędziłam cały dzień naprawiając twój laptop, a nawet mi nie podziękowałeś!|Spędziłam cały dzień naprawiając twój laptop, a nawet mi nie podziękowałeś!
mężczyzna|mężczyzna|I spent the whole day fixing your laptop, and you didn't even say thank you!|"Spędziłem cały dzień naprawiając twój laptop, a ty nawet nie powiedziałeś ""dziękuję""!"|Poświęciłem cały dzień na naprawianie twojego laptopa, a nawet mi nie podziękowałeś!|Spędziłem cały dzień naprawiając twój laptop, a nawet mi nie podziękowałeś!|Poświęciłem cały dzień na naprawianie twojego laptopa, a nawet mi nie podziękowałeś!|Spędziłem cały dzień naprawiając twój laptop, a nawet mi nie podziękowałeś!
kobieta|kobieta|I spent the whole day fixing your laptop, and you didn't even say thank you!|"Spędziłam cały dzień naprawiając twój laptop, a ty nawet nie powiedziałaś ""dziękuję""!"|Cały dzień spędziłam naprawiając twój laptop, a nawet mi nie podziękowałaś!|Spędziłam cały dzień naprawiając twój laptop, a nawet mi nie podziękowałaś!|Poświęciłam cały dzień na naprawianie twojego laptopa, a nawet mi nie podziękowałaś!|Spędziłam cały dzień naprawiając twój laptop, a nawet mi nie podziękowałaś!
mężczyzna|kobieta|I stayed up all night helping you with your project, and now you don't even remember it?|Siedziałem całą noc pomagając ci z projektem, a teraz nawet tego nie pamiętasz?|Czułem się tak zmęczony, bo całą noc pomagałem ci z projektem, a teraz nawet tego nie pamiętasz?|Czekałem na ciebie całą noc pomagając ci z projektem, a teraz nawet tego nie pamiętasz?|Czułem się tak zmęczony, bo całą noc pomagałem ci z projektem, a teraz nawet tego nie pamiętasz?|Całą noc pomagałem ci z projektem, a teraz nawet tego nie pamiętasz?
kobieta|mężczyzna|I stayed up all night helping you with your project, and now you don't even remember it?|Siedziałam całą noc pomagając ci z projektem, a teraz nawet tego nie pamiętasz?|Czekałam na ciebie godzinami na dworcu, czemu nie odbierałeś telefonu?|Czekałam na ciebie całą noc pomagając ci z projektem, a teraz nawet tego nie pamiętasz?|Czekałam na ciebie godzinami na dworcu, czemu nie odbierałeś telefonu?|Czekałam na ciebie całą noc pomagając ci z projektem, a teraz nawet tego nie pamiętasz?
mężczyzna|mężczyzna|I stayed up all night helping you with your project, and now you don't even remember it?|Siedziałem całą noc pomagając ci z projektem, a teraz nawet tego nie pamiętasz?|"Czekałem na ciebie godzinami na dworcu, czemu nie odbierałeś telefonu?

Spędziłem całą noc pomagając ci z projektem, a teraz nawet tego nie pamiętasz?"|Całą noc pomagałem ci z twoim projektem, a teraz nawet tego nie pamiętasz?|Całą noc pomagałem ci z projektem, a teraz nawet tego nie pamiętasz?|Całą noc pomagałem ci przy twoim projekcie, a teraz nawet tego nie pamiętasz?
kobieta|kobieta|I stayed up all night helping you with your project, and now you don't even remember it?|Siedziałam całą noc pomagając ci z projektem, a teraz nawet tego nie pamiętasz?|Czekałam całą noc pomagając ci z projektem, a teraz nawet tego nie pamiętasz?|Czekałam na ciebie całą noc pomagając ci z projektem, a teraz nawet tego nie pamiętasz?|Całą noc pomagałam ci przy tym projekcie, a teraz nawet tego nie pamiętasz?|Całą noc pomagałam ci przy projekcie, a teraz nawet tego nie pamiętasz?
mężczyzna|kobieta|I picked up your parcel from the post office, did you forget to thank me again?|Odebrałem twoją paczkę z poczty, znowu zapomniałaś mi podziękować?|Odebrałem twoją paczkę z poczty, zapomniałaś mi chyba znowu podziękować.|Odebrałem twoją paczkę z poczty, zapomniałaś mi chyba znowu podziękować.|Odebrałem twoją paczkę z poczty, zapomniałaś mi chyba znowu podziękować?|Odebrałem twoją paczkę z poczty, zapomniałaś mi chyba znowu podziękować?
kobieta|mężczyzna|I picked up your parcel from the post office, did you forget to thank me again?|Odebrałam twoją paczkę z poczty, znowu zapomniałeś mi podziękować?|Odebrałam twoją przesyłkę z poczty, zapomniałeś mi ponownie podziękować?|Odebrałam twoją przesyłkę z poczty, zapomniałeś mi chyba znowu podziękować.|Odebrałam twoją przesyłkę z poczty, zapomniałeś chyba znowu mi podziękować?|Odebrałam twoją paczkę z poczty, zapomniałeś chyba znowu mi podziękować?
mężczyzna|mężczyzna|I picked up your parcel from the post office, did you forget to thank me again?|Odebrałem twoją paczkę z poczty, znowu zapomniałeś mi podziękować?|Odebrałem twoją paczkę z poczty, zapomniałeś chyba znowu mi podziękować.|Odebrałem twoją paczkę z poczty, zapomniałeś chyba znowu mi podziękować.|Odebrałem twoją paczkę z poczty, zapomniałeś chyba znowu mi podziękować?|Odebrałem twoją paczkę z poczty, zapomniałeś chyba znowu mi podziękować?
kobieta|kobieta|I picked up your parcel from the post office, did you forget to thank me again?|Odebrałam twoją paczkę z poczty, znowu zapomniałaś mi podziękować?|Odebrałam twoją przesyłkę z poczty, zapomniałaś mi chyba znowu podziękować?|Odebrałam twoją paczkę z poczty, zapomniałaś mi chyba znowu podziękować.|Odebrałam twoją paczkę z poczty, zapomniałaś mi chyba znowu podziękować?|Odebrałam twoją paczkę z poczty, zapomniałaś mi chyba znowu podziękować?
mężczyzna|kobieta|"I waited for you for almost an hour in the rain, and you just texted ""sorry""?"|Czekałem na ciebie prawie godzinę w deszczu, a ty tylko napisałaś „sorry”?|"Czekałem na ciebie prawie godzinę w deszczu, a ty mi tylko napisałeś ""przepraszam""?"|"Czekałem na ciebie prawie godzinę w deszczu, a ty mi tylko napisałaś ""przepraszam""?"|"Czekałem na ciebie prawie godzinę w deszczu, a ty mi tylko napisałaś ""przepraszam""?"|"Czekałem na ciebie prawie godzinę w deszczu, a ty mi tylko napisałaś ""przepraszam""?"
kobieta|mężczyzna|"I waited for you for almost an hour in the rain, and you just texted ""sorry""?"|Czekałam na ciebie prawie godzinę w deszczu, a ty tylko napisałeś „sorry”?|"Czekałam na ciebie prawie godzinę w deszczu, a ty mi tylko napisałeś ""przepraszam""?"|"Czekałam na ciebie prawie godzinę w deszczu, a ty mi tylko napisałeś ""przepraszam""?"|"Czekałam na ciebie prawie godzinę w deszczu, a ty mi tylko napisałeś ""przepraszam""?"|"Czekałam na ciebie prawie godzinę w deszczu, a ty mi tylko napisałeś ""przepraszam""?"
mężczyzna|mężczyzna|"I waited for you for almost an hour in the rain, and you just texted ""sorry""?"|Czekałem na ciebie prawie godzinę w deszczu, a ty tylko napisałeś „sorry”?|"Czekałem na ciebie prawie godzinę w deszczu, a ty mi tylko napisałeś ""przepraszam""?"|"Czekałem na ciebie prawie godzinę w deszczu, a ty mi tylko napisałeś ""przepraszam""?"|"Czekałem na ciebie prawie godzinę w deszczu, a ty mi tylko napisałeś ""przepraszam""?"|"Czekałem na ciebie prawie godzinę w deszczu, a ty mi tylko napisałeś ""przepraszam""?"
kobieta|kobieta|"I waited for you for almost an hour in the rain, and you just texted ""sorry""?"|Czekałam na ciebie prawie godzinę w deszczu, a ty tylko napisałaś „sorry”?|"Czekałam na ciebie prawie godzinę w deszczu, a ty po prostu napisałaś ""przepraszam""?"|"Czekałam na ciebie prawie godzinę w deszczu, a ty mi tylko napisałaś ""przepraszam""?"|"Czekałam na ciebie prawie godzinę w deszczu, a ty po prostu napisałaś ""przepraszam""?"|"Czekałam na ciebie prawie godzinę w deszczu, a ty mi tylko napisałaś ""przepraszam""?"
mężczyzna|kobieta|I thought we agreed to clean the house together today, so why am I doing everything alone?|Myślałem, że umówiliśmy się na wspólne sprzątanie, więc czemu wszystko robię sam?|Myślałem, że umówiliśmy się na sprzątanie domu razem dzisiaj, więc dlaczego robię wszystko sam?|Myślałem, że umówiliśmy się na sprzątanie domu razem dzisiaj, więc dlaczego robię wszystko sam?|Myślałem, że umówiliśmy się na sprzątanie domu razem dzisiaj, więc dlaczego robię wszystko sam?|Myślałem, że umówiliśmy się na sprzątanie domu razem dzisiaj, więc dlaczego robię wszystko sam?
kobieta|mężczyzna|I thought we agreed to clean the house together today, so why am I doing everything alone?|Myślałam, że umówiliśmy się na wspólne sprzątanie, więc czemu wszystko robię sama?|Myślałam, że umówiliśmy się na sprzątanie domu razem dzisiaj, więc dlaczego robię wszystko sama?|Myślałam, że umówiliśmy się na sprzątanie domu razem dzisiaj, więc dlaczego robię wszystko sama?|Myślałam, że umówiliśmy się na sprzątanie domu razem dzisiaj, więc dlaczego robię wszystko sama?|Myślałam, że umówiliśmy się na sprzątanie domu razem dzisiaj, więc dlaczego robię wszystko sama?
mężczyzna|mężczyzna|I thought we agreed to clean the house together today, so why am I doing everything alone?|Myślałem, że umówiliśmy się na wspólne sprzątanie, więc czemu wszystko robię sam?|Myślałem, że umówiliśmy się na sprzątanie domu razem dzisiaj, więc dlaczego robię wszystko sam?|Myślałem, że umówiliśmy się na sprzątanie domu razem dzisiaj, więc dlaczego robię wszystko sam?|Myślałem, że umówiliśmy się na sprzątanie domu razem dzisiaj, więc dlaczego robię wszystko sam?|Myślałem, że umówiliśmy się na sprzątanie domu razem dzisiaj, więc dlaczego robię wszystko sam?
kobieta|kobieta|I thought we agreed to clean the house together today, so why am I doing everything alone?|Myślałam, że umówiliśmy się na wspólne sprzątanie, więc czemu wszystko robię sama?|Myślałam, że umówiliśmy się na sprzątanie domu razem dzisiaj, więc dlaczego robię wszystko sama?|Myślałam, że umówiłyśmy się na sprzątanie domu razem dzisiaj, więc dlaczego robię wszystko sama?|Myślałam, że umówiłyśmy się na sprzątanie domu razem dzisiaj, więc dlaczego robię wszystko sama?|Myślałam, że umówiłyśmy się na sprzątanie domu razem dzisiaj, więc dlaczego robię wszystko sama?
